<?xml version="1.0" encoding="UTF-8"?>
<project-private xmlns="http://www.netbeans.org/ns/project-private/1">
    <editor-bookmarks xmlns="http://www.netbeans.org/ns/editor-bookmarks/2" lastBookmarkId="0"/>
    <open-files xmlns="http://www.netbeans.org/ns/projectui-open-files/2">
        <group>
            <file>file:/D:/szegedi/java/dijkstra-java-master/dijkstra-java-master/src/dijkstra/Node.java</file>
            <file>file:/D:/szegedi/java/dijkstra-java-master/dijkstra-java-master/src/dijkstra/View.java</file>
            <file>file:/D:/szegedi/java/dijkstra-java-master/dijkstra-java-master/src/dijkstra/Dijkstra.java</file>
        </group>
    </open-files>
</project-private>
